<?xml version="1.0" encoding="UTF-8"?>
<faces-config version="2.0"
    xmlns="http://java.sun.com/xml/ns/javaee" 
    xmlns:xsi="http://www.w3.org/2001/XMLSchema-instance" 
    xsi:schemaLocation="http://java.sun.com/xml/ns/javaee http://java.sun.com/xml/ns/javaee/web-facesconfig_2_0.xsd">
    <application>
    	<locale-config>
            <default-locale>ja</default-locale>
            <supported-locale>en</supported-locale>
    	</locale-config>
        <resource-bundle>
            <base-name>knowledgebank.message</base-name>
            <var>msg</var>
        </resource-bundle>
    </application>
    <lifecycle>
        <phase-listener>knowledgebank.web.listener.KnowledgePhaseListener</phase-listener>
    </lifecycle>
</faces-config>
